{"cameraMode":{"drawMode":0,"name":"Shaded","section":"Shading Mode"},"sceneLighting":true,"audioPlay":false,"sceneViewState":{"m_AlwaysRefresh":false,"showFog":true,"showSkybox":true,"showFlares":true,"showImageEffects":true,"showParticleSystems":true,"showVisualEffectGraphs":true,"m_FxEnabled":true},"in2DMode":false,"pivot":{"x":72.24964904785156,"y":-8.962186813354493,"z":-6.450908660888672},"rotation":{"x":-0.048288531601428989,"y":-0.009891176596283913,"z":0.0004782562900800258,"w":-0.9987850785255432},"size":50.83061599731445,"orthographic":true}