{"cameraMode":{"drawMode":0,"name":"Shaded","section":"Shading Mode"},"sceneLighting":true,"audioPlay":false,"sceneViewState":{"m_AlwaysRefresh":false,"showFog":true,"showSkybox":true,"showFlares":true,"showImageEffects":true,"showParticleSystems":true,"showVisualEffectGraphs":true,"m_FxEnabled":true},"in2DMode":false,"pivot":{"x":33.26533889770508,"y":-5.997786521911621,"z":-2.302692413330078},"rotation":{"x":-0.048288531601428989,"y":-0.009891176596283913,"z":0.0004782562900800258,"w":-0.9987850785255432},"size":25.098527908325197,"orthographic":true}