{"cameraMode":{"drawMode":0,"name":"Shaded","section":"Shading Mode"},"sceneLighting":true,"audioPlay":false,"sceneViewState":{"m_AlwaysRefresh":false,"showFog":true,"showSkybox":true,"showFlares":true,"showImageEffects":true,"showParticleSystems":true,"showVisualEffectGraphs":true,"m_FxEnabled":true},"in2DMode":false,"pivot":{"x":42.441715240478519,"y":-6.168674468994141,"z":-5.584690093994141},"rotation":{"x":-0.048288531601428989,"y":-0.009891176596283913,"z":0.0004782562900800258,"w":-0.9987850785255432},"size":28.887758255004884,"orthographic":true}