{"cameraMode":{"drawMode":0,"name":"Shaded","section":"Shading Mode"},"sceneLighting":true,"audioPlay":false,"sceneViewState":{"m_AlwaysRefresh":false,"showFog":true,"showSkybox":true,"showFlares":true,"showImageEffects":true,"showParticleSystems":true,"showVisualEffectGraphs":true,"m_FxEnabled":true},"in2DMode":false,"pivot":{"x":1.3027762174606324,"y":-1.5818583965301514,"z":4.347965240478516},"rotation":{"x":0.17053627967834474,"y":0.16963815689086915,"z":-0.029818689450621606,"w":0.970182478427887},"size":2.65669846534729,"orthographic":false}